policy_id,customer_id,agent_id,policy_type,start_date,end_date,premium_amount,coverage_amount,status
1,92,12,Health,2023-08-27,2024-06-03,4737.19,22937.89,Expired
2,69,15,Compulsory,2023-06-01,2024-10-08,1561.34,28477.09,Cancelled
3,116,61,Health,2022-06-23,2023-02-01,4130.29,11048.39,Expired
4,180,80,Compulsory,2022-05-07,2025-04-12,3305.67,34672.27,Cancelled
5,13,85,Compulsory,2023-01-11,2024-08-18,3803.5,40154.63,Expired
6,77,54,Casco,2023-12-30,2024-08-15,835.65,27300.9,Active
7,483,100,Compulsory,2023-10-29,2024-02-19,4186.8,48091.74,Active
8,403,76,Health,2024-03-22,2025-02-26,2686.33,2606.39,Cancelled
9,338,86,Compulsory,2022-02-08,2024-08-27,185.61,39986.58,Active
10,50,55,Compulsory,2023-01-20,2023-08-06,2229.04,13167.34,Expired
11,497,81,Compulsory,2024-06-16,2025-07-17,270.49,47915.08,Cancelled
12,34,55,Compulsory,2023-10-18,2023-02-07,2820.32,14805.71,Expired
13,431,39,Compulsory,2022-09-19,2024-07-18,3504.41,10906.28,Expired
14,381,32,Health,2024-02-29,2023-09-24,1675.2,35298.82,Cancelled
15,108,39,Health,2023-07-02,2024-07-10,2366.95,43265.02,Active
16,136,26,Health,2023-10-01,2025-07-04,2020.26,43719.15,Expired
17,330,34,Casco,2022-02-19,2024-07-06,1631.51,16259.16,Active
18,222,26,Casco,2023-09-01,2024-04-28,2363.51,9943.28,Expired
19,230,52,Casco,2022-02-19,2024-10-31,4452.9,32761.96,Active
20,419,75,Compulsory,2023-11-09,2025-03-04,3244.86,15667.76,Expired
21,477,11,Health,2022-04-21,2023-06-02,1889.56,36088.24,Cancelled
22,423,33,Compulsory,2023-11-01,2024-01-10,173.23,1483.63,Expired
23,355,30,Compulsory,2024-05-06,2024-02-06,709.68,16951.48,Expired
24,397,34,Health,2022-01-21,2023-08-17,127.69,9213.8,Expired
25,15,49,Health,2022-02-19,2025-07-01,1891.06,9065.59,Expired
26,345,28,Compulsory,2023-12-08,2025-03-01,2833.01,17248.53,Cancelled
27,303,8,Casco,2022-04-29,2024-08-26,3696.9,8795.42,Expired
28,47,64,Health,2023-03-03,2025-01-20,3254.85,43887.48,Cancelled
29,19,53,Health,2023-03-31,2025-05-27,1448.91,30649.29,Expired
30,281,50,Health,2023-01-25,2023-10-25,3117.71,5499.53,Expired
31,417,73,Casco,2022-05-07,2023-05-18,1475.79,33885.59,Cancelled
32,172,30,Casco,2023-07-15,2024-04-20,2318.0,36942.63,Active
33,371,3,Compulsory,2022-09-16,2024-05-28,1186.87,43376.21,Cancelled
34,313,17,Casco,2023-05-01,2024-06-06,4913.31,7901.21,Active
35,137,7,Casco,2023-12-20,2023-04-03,446.05,12961.38,Expired
36,7,3,Health,2022-06-06,2024-02-11,1224.98,34986.38,Cancelled
37,376,32,Compulsory,2022-07-30,2024-01-08,3501.2,30965.12,Cancelled
38,91,39,Health,2023-12-13,2024-05-29,3559.73,38667.04,Expired
39,249,9,Casco,2023-12-04,2023-01-11,4317.15,26254.29,Active
40,4,38,Health,2023-10-08,2024-11-09,1052.91,23383.23,Expired
41,119,66,Casco,2022-01-10,2023-09-02,3151.75,13191.39,Active
42,325,83,Health,2022-11-05,2025-05-18,3119.44,12456.92,Cancelled
43,319,42,Casco,2023-03-07,2025-09-14,4300.51,11071.49,Active
44,36,37,Health,2023-11-09,2025-04-05,3207.33,14106.68,Expired
45,252,47,Health,2022-04-14,2024-09-20,4223.35,24911.78,Active
46,457,32,Compulsory,2023-11-10,2024-12-01,2930.24,15851.33,Cancelled
47,410,91,Casco,2023-06-17,2023-06-19,3857.47,35511.25,Expired
48,13,88,Compulsory,2022-10-04,2025-02-14,3548.61,37669.12,Cancelled
49,319,69,Compulsory,2023-09-30,2024-06-10,3779.18,28861.74,Active
50,401,95,Casco,2023-09-13,2023-05-24,3039.2,31264.82,Expired
51,325,90,Casco,2023-12-19,2024-04-01,2258.25,32585.12,Cancelled
52,146,49,Compulsory,2022-05-21,2023-06-13,1188.77,46111.03,Cancelled
53,247,79,Compulsory,2023-03-05,2023-07-03,1039.98,6665.99,Cancelled
54,419,48,Casco,2024-04-30,2024-08-02,3481.36,37111.92,Expired
55,447,57,Casco,2024-07-09,2025-08-29,2423.63,2967.1,Cancelled
56,356,4,Casco,2022-04-18,2024-08-02,2369.8,24248.53,Active
57,53,48,Compulsory,2023-06-08,2024-11-06,285.1,30764.79,Cancelled
58,63,65,Health,2024-01-07,2025-06-12,339.35,40381.5,Expired
59,21,58,Health,2023-09-25,2025-09-17,3972.75,15149.46,Active
60,265,89,Health,2022-05-01,2023-05-30,2292.32,27497.36,Cancelled
61,5,58,Health,2022-10-17,2025-01-23,842.74,22498.22,Expired
62,410,16,Casco,2022-04-27,2025-01-19,1309.81,49617.21,Active
63,394,60,Health,2024-03-14,2024-05-10,1540.5,18141.77,Active
64,26,73,Casco,2022-04-19,2025-08-19,2001.2,9616.12,Expired
65,357,10,Compulsory,2023-05-25,2024-01-03,2806.8,30714.41,Expired
66,464,13,Casco,2022-07-23,2023-02-11,2675.37,19563.95,Cancelled
67,62,74,Health,2023-09-16,2023-08-13,4254.31,27360.02,Cancelled
68,140,70,Compulsory,2022-07-24,2025-02-18,3913.15,7889.23,Active
69,83,100,Casco,2024-03-07,2024-05-14,4814.42,18366.64,Cancelled
70,346,4,Casco,2022-09-27,2023-08-26,2723.99,49766.23,Active
71,203,19,Health,2024-05-01,2023-03-06,4890.99,12549.85,Active
72,246,31,Casco,2023-06-20,2023-09-28,3347.87,43892.85,Expired
73,493,7,Compulsory,2024-09-23,2024-01-14,430.39,43387.72,Expired
74,25,70,Health,2022-07-26,2023-08-28,3668.43,23226.34,Expired
75,446,98,Health,2023-01-02,2023-02-13,1080.39,33473.48,Cancelled
76,107,22,Casco,2023-12-22,2024-11-15,3672.56,18567.95,Active
77,379,96,Health,2023-02-24,2023-07-31,1018.06,23624.41,Expired
78,35,41,Health,2022-10-30,2024-06-14,2863.33,33119.42,Cancelled
79,250,11,Health,2022-06-14,2025-07-18,4227.56,18794.37,Cancelled
80,157,8,Compulsory,2022-02-10,2025-03-21,2110.05,40295.13,Expired
81,83,64,Casco,2023-07-16,2024-01-05,2782.06,8969.36,Active
82,469,69,Casco,2023-05-24,2024-02-02,2676.41,19531.41,Active
83,350,33,Casco,2024-07-21,2024-04-25,3983.14,15948.87,Cancelled
84,446,87,Compulsory,2022-08-01,2025-07-28,320.26,34393.23,Expired
85,317,96,Compulsory,2023-12-06,2024-04-10,4839.02,4881.55,Expired
86,115,64,Casco,2024-08-13,2025-06-21,1556.04,19594.8,Active
87,427,62,Health,2023-05-08,2023-02-17,1910.0,11878.67,Active
88,453,5,Casco,2022-12-05,2023-02-10,844.02,44290.33,Active
89,318,52,Casco,2022-08-29,2024-10-26,4747.7,17577.67,Cancelled
90,253,32,Casco,2022-01-03,2023-11-28,1476.88,42101.53,Cancelled
91,179,40,Health,2022-01-14,2023-04-16,3099.91,27499.25,Active
92,491,54,Casco,2023-11-19,2024-12-21,3165.19,25998.49,Active
93,355,43,Health,2022-04-02,2025-09-18,3370.72,29367.57,Cancelled
94,317,26,Health,2024-07-17,2024-06-17,3413.49,35921.71,Cancelled
95,26,47,Health,2022-04-24,2024-10-10,3573.49,9496.91,Expired
96,331,47,Compulsory,2024-05-05,2025-04-29,2753.98,30025.64,Expired
97,389,35,Health,2023-08-11,2023-10-08,4185.19,44767.08,Cancelled
98,15,16,Compulsory,2023-11-17,2025-05-04,2256.95,36779.59,Cancelled
99,16,43,Compulsory,2023-05-21,2025-01-29,1914.09,7034.56,Active
100,413,82,Compulsory,2022-06-02,2023-09-27,2876.55,27851.82,Active
101,404,49,Casco,2024-08-30,2024-08-15,2954.13,9091.87,Expired
102,192,59,Compulsory,2022-04-03,2024-07-11,3906.16,20260.93,Active
103,302,18,Compulsory,2024-03-09,2024-08-06,3569.29,13671.81,Active
104,160,49,Compulsory,2023-06-08,2023-06-28,4079.33,10333.41,Expired
105,409,71,Casco,2022-03-18,2024-01-21,773.86,10312.74,Active
106,53,67,Casco,2024-01-11,2024-10-31,1357.52,34491.33,Cancelled
107,116,93,Compulsory,2024-01-11,2024-01-23,2189.7,21917.48,Active
108,477,68,Health,2022-04-14,2024-01-10,4805.15,33771.12,Active
109,300,79,Casco,2024-07-15,2024-08-24,4770.24,43372.07,Expired
110,70,11,Health,2022-09-20,2024-10-31,3707.5,42251.78,Active
111,73,21,Health,2023-10-22,2025-07-08,894.73,21788.85,Expired
112,384,14,Casco,2022-08-25,2025-05-05,4561.95,38999.47,Active
113,417,77,Compulsory,2023-04-13,2023-03-21,2825.02,20503.34,Active
114,425,4,Casco,2024-09-27,2024-06-13,2843.68,34192.23,Active
115,433,50,Health,2022-10-31,2023-09-15,372.86,16202.97,Cancelled
116,392,84,Health,2022-09-28,2024-01-21,2200.96,28272.83,Expired
117,47,57,Compulsory,2023-04-21,2025-09-23,4354.17,31009.87,Cancelled
118,317,61,Compulsory,2022-02-21,2025-07-18,4141.35,15939.73,Active
119,104,69,Health,2022-04-13,2023-08-17,4356.98,22483.98,Expired
120,315,95,Compulsory,2024-04-12,2024-06-12,3627.08,25734.27,Cancelled
121,214,32,Casco,2022-06-28,2024-02-20,1515.57,28633.79,Expired
122,142,53,Casco,2024-06-14,2023-12-28,3865.26,49905.66,Cancelled
123,20,44,Health,2022-02-10,2025-04-16,3370.1,35860.1,Cancelled
124,9,11,Health,2024-05-22,2025-06-07,4374.06,26922.14,Active
125,460,3,Health,2022-10-25,2023-12-20,3189.51,12976.03,Expired
126,358,96,Compulsory,2023-01-04,2024-05-13,2228.73,41334.68,Cancelled
127,87,11,Casco,2024-03-31,2025-03-22,3726.88,6588.31,Cancelled
128,128,94,Health,2023-11-25,2024-05-08,2882.74,37435.59,Cancelled
129,19,93,Casco,2022-11-17,2025-06-27,4211.67,43049.3,Cancelled
130,49,21,Casco,2023-03-13,2024-09-10,809.77,22106.44,Expired
131,165,67,Compulsory,2024-01-27,2023-01-07,4727.93,42101.73,Cancelled
132,31,39,Compulsory,2022-04-29,2024-05-28,4998.23,10493.16,Cancelled
133,384,73,Compulsory,2022-04-08,2025-06-22,1175.19,14747.04,Cancelled
134,355,99,Casco,2024-05-21,2023-05-23,781.28,1440.26,Active
135,264,76,Compulsory,2024-02-16,2024-03-26,4297.57,39518.56,Cancelled
136,213,97,Compulsory,2024-06-30,2023-06-19,3365.49,38821.77,Cancelled
137,171,19,Casco,2022-02-16,2023-08-24,4866.87,11143.97,Active
138,421,49,Casco,2022-01-10,2023-03-20,4629.7,15485.11,Cancelled
139,50,16,Health,2024-05-22,2024-06-10,4523.45,6476.2,Cancelled
140,490,30,Casco,2022-05-22,2024-10-20,2422.63,6390.08,Cancelled
141,126,61,Compulsory,2023-11-11,2023-10-15,462.01,47775.29,Cancelled
142,276,16,Casco,2023-10-25,2023-08-05,2895.08,8978.36,Active
143,23,9,Casco,2022-06-24,2023-06-03,4131.6,40928.66,Expired
144,102,56,Compulsory,2022-12-03,2023-07-11,3519.47,13267.39,Expired
145,8,90,Compulsory,2023-01-02,2023-06-11,575.68,3999.61,Expired
146,30,51,Casco,2024-07-04,2024-01-06,3796.43,34040.56,Active
147,90,28,Compulsory,2023-03-25,2024-09-08,2036.21,11339.7,Expired
148,226,57,Casco,2024-09-05,2025-01-04,4934.8,24282.42,Cancelled
149,486,97,Casco,2023-09-29,2025-04-16,4211.79,11009.54,Expired
150,45,18,Casco,2022-10-02,2023-05-02,4381.04,46245.93,Cancelled
151,110,20,Health,2024-06-18,2024-11-07,2370.33,9572.77,Cancelled
152,169,44,Casco,2024-01-21,2023-08-24,2441.65,42628.05,Cancelled
153,270,51,Casco,2022-04-06,2024-02-29,2491.84,34738.6,Expired
154,139,11,Compulsory,2023-01-17,2025-04-10,2328.8,21942.84,Cancelled
155,255,53,Health,2024-04-14,2023-12-05,4165.31,10286.76,Active
156,257,24,Casco,2022-12-17,2025-01-07,4142.82,3319.54,Expired
157,293,48,Compulsory,2022-07-07,2023-04-27,4347.73,12308.1,Active
158,330,23,Casco,2022-04-27,2024-05-08,4038.28,34772.61,Active
159,328,48,Health,2023-02-15,2024-11-22,647.61,25756.46,Cancelled
160,445,69,Compulsory,2023-02-14,2024-05-05,642.29,42519.24,Cancelled
161,77,6,Health,2024-09-12,2024-05-05,4608.86,46662.43,Active
162,436,92,Compulsory,2023-04-13,2023-08-04,1116.83,49679.81,Cancelled
163,145,47,Casco,2022-10-06,2024-08-27,4743.62,5704.1,Expired
164,492,15,Casco,2024-05-05,2023-06-15,2232.66,16432.48,Cancelled
165,194,78,Health,2023-01-30,2024-10-24,1619.77,5777.43,Cancelled
166,148,71,Compulsory,2023-12-08,2025-05-03,1947.06,32070.12,Active
167,148,55,Compulsory,2024-05-21,2024-02-25,2464.34,2836.88,Active
168,219,99,Compulsory,2023-05-05,2023-01-23,4442.26,41760.49,Cancelled
169,459,17,Compulsory,2024-03-30,2023-09-07,4235.0,39231.2,Expired
170,258,94,Health,2023-03-08,2023-02-14,1265.39,33750.87,Cancelled
171,396,41,Casco,2023-10-27,2023-05-11,1030.2,46767.92,Cancelled
172,31,47,Health,2024-06-26,2024-08-10,4981.47,44115.71,Cancelled
173,277,71,Compulsory,2024-03-27,2024-08-29,3303.59,23735.1,Cancelled
174,120,33,Compulsory,2022-06-20,2023-06-14,1228.43,15647.82,Expired
175,136,80,Health,2022-04-26,2023-05-18,2613.45,9486.8,Expired
176,154,6,Compulsory,2022-05-16,2024-10-06,3698.13,24344.04,Cancelled
177,365,95,Casco,2023-12-14,2024-06-08,1554.12,40695.11,Expired
178,447,95,Compulsory,2024-01-14,2023-02-10,2714.74,9653.85,Expired
179,171,97,Casco,2022-03-02,2025-07-01,4896.84,17682.42,Cancelled
180,132,46,Health,2024-08-23,2024-08-09,2254.81,1999.38,Cancelled
181,398,33,Health,2024-05-14,2023-05-31,164.68,43423.14,Active
182,392,88,Compulsory,2022-06-13,2023-02-27,1394.98,47240.51,Active
183,473,35,Casco,2022-04-17,2023-06-20,4298.11,15097.7,Expired
184,313,18,Health,2023-03-03,2023-09-22,4523.54,36339.84,Active
185,460,79,Health,2024-07-22,2025-08-02,4919.57,18745.24,Expired
186,336,64,Health,2023-08-28,2023-07-04,2517.07,3374.36,Expired
187,422,10,Casco,2023-05-10,2024-06-13,3892.76,36898.79,Cancelled
188,121,16,Health,2024-04-01,2025-09-08,3182.5,26600.06,Cancelled
189,129,3,Health,2023-08-06,2024-02-20,1309.6,34444.47,Active
190,4,90,Health,2023-11-26,2024-09-05,2715.78,41542.72,Active
191,449,96,Compulsory,2023-03-25,2025-09-19,1248.78,23402.25,Active
192,220,35,Casco,2022-07-05,2024-07-31,809.49,33384.85,Cancelled
193,244,31,Compulsory,2023-09-18,2024-10-14,2273.73,32101.37,Active
194,351,86,Compulsory,2023-01-24,2023-01-20,1048.44,30527.14,Active
195,149,26,Health,2024-03-08,2025-06-18,3675.2,9336.92,Cancelled
196,150,44,Health,2023-01-03,2025-01-06,1089.95,11559.21,Cancelled
197,80,29,Casco,2023-09-19,2025-01-15,3247.99,46576.35,Active
198,58,78,Compulsory,2022-01-30,2024-11-08,1560.45,23846.19,Cancelled
199,441,58,Compulsory,2024-06-02,2025-04-21,1079.57,32352.84,Expired
200,217,5,Health,2023-12-02,2023-10-18,2822.07,21284.71,Expired
201,151,82,Compulsory,2024-06-20,2025-08-27,894.31,12279.02,Cancelled
202,377,36,Health,2024-05-08,2023-03-29,886.62,28505.21,Expired
203,416,88,Casco,2024-01-15,2023-08-10,3296.07,8170.45,Active
204,235,13,Health,2024-09-23,2024-04-04,1247.93,4686.31,Active
205,50,69,Health,2024-07-02,2024-09-13,4489.86,39489.52,Expired
206,153,34,Health,2022-05-14,2024-04-27,3058.18,14854.73,Expired
207,54,97,Compulsory,2023-05-10,2025-06-07,3650.56,33430.73,Active
208,73,71,Casco,2024-07-31,2024-05-08,4894.31,28945.16,Cancelled
209,174,74,Casco,2023-05-15,2023-06-24,4159.68,32748.84,Cancelled
210,382,51,Casco,2022-04-26,2023-08-13,741.02,2824.97,Active
211,218,74,Casco,2024-06-27,2025-04-30,2323.38,30212.99,Active
212,204,18,Compulsory,2023-02-26,2024-02-25,4651.69,8998.35,Active
213,159,24,Compulsory,2023-03-28,2024-09-07,1084.27,38389.78,Active
214,447,70,Casco,2022-02-17,2023-05-27,3009.18,7512.86,Expired
215,99,55,Casco,2022-03-06,2025-03-24,761.84,15188.25,Cancelled
216,309,52,Health,2022-09-25,2024-08-19,2313.68,44887.4,Cancelled
217,315,83,Casco,2023-11-02,2025-04-20,2651.95,2102.93,Active
218,32,37,Casco,2022-11-18,2025-02-24,3823.69,30479.5,Cancelled
219,108,52,Health,2022-01-13,2023-07-06,1213.17,31534.46,Cancelled
220,258,9,Health,2023-12-23,2024-09-30,4439.79,21130.04,Expired
221,299,80,Compulsory,2024-06-08,2024-11-06,2397.92,10850.31,Active
222,368,22,Compulsory,2023-11-26,2024-06-07,1084.94,10322.12,Active
223,202,50,Compulsory,2023-06-22,2023-09-28,3466.97,47559.9,Active
224,369,84,Casco,2024-02-25,2023-06-21,579.54,38995.59,Active
225,150,82,Compulsory,2024-02-01,2025-01-11,4394.63,3992.2,Expired
226,187,79,Compulsory,2023-08-14,2024-12-03,1669.61,34909.68,Active
227,368,70,Compulsory,2024-01-12,2023-12-17,3564.91,3606.18,Cancelled
228,155,96,Casco,2023-08-02,2025-08-02,1166.96,1322.28,Expired
229,496,68,Casco,2022-08-18,2024-04-09,381.65,5693.36,Active
230,236,71,Health,2024-09-05,2024-09-02,720.06,17984.27,Cancelled
231,336,49,Health,2023-11-17,2024-08-27,4671.7,34668.77,Cancelled
232,30,70,Health,2024-06-13,2023-03-12,4500.39,30726.66,Expired
233,245,44,Casco,2022-12-13,2023-08-24,1978.01,43085.49,Cancelled
234,53,81,Casco,2023-06-16,2024-01-23,2937.39,25954.39,Active
235,350,6,Compulsory,2023-06-20,2024-01-30,973.59,9993.57,Active
236,474,87,Casco,2023-12-06,2023-05-16,122.72,47649.77,Expired
237,403,52,Casco,2023-12-19,2023-04-22,2459.67,26008.54,Cancelled
238,327,6,Compulsory,2023-09-26,2023-01-17,1761.63,25227.21,Cancelled
239,393,77,Compulsory,2022-04-08,2023-07-27,729.76,18352.7,Cancelled
240,113,43,Compulsory,2023-03-20,2024-06-19,1510.25,39633.56,Active
241,106,86,Compulsory,2023-11-09,2025-05-30,4416.06,39280.62,Expired
242,434,17,Health,2024-01-15,2025-07-20,4473.09,22956.12,Expired
243,379,90,Casco,2022-09-12,2024-05-31,4657.19,30816.72,Expired
244,162,20,Compulsory,2023-05-09,2024-12-01,2898.83,38423.4,Expired
245,155,84,Health,2022-12-21,2024-03-05,1671.82,48705.32,Active
246,489,24,Compulsory,2023-11-11,2025-04-26,1326.85,37220.64,Active
247,132,70,Health,2023-11-24,2023-06-03,885.89,49655.32,Cancelled
248,406,43,Compulsory,2023-10-19,2024-09-12,1204.7,15784.43,Cancelled
249,86,79,Compulsory,2023-01-30,2023-04-09,3586.49,23157.64,Expired
250,356,58,Compulsory,2022-06-02,2023-07-01,4959.06,22814.99,Cancelled
251,354,50,Health,2024-05-09,2024-05-02,4617.66,5516.22,Active
252,477,84,Casco,2024-04-26,2025-07-12,3603.8,41867.41,Expired
253,325,25,Compulsory,2023-07-26,2024-09-21,2564.09,49486.3,Cancelled
254,238,80,Casco,2024-07-02,2024-09-06,4541.12,32594.91,Expired
255,284,11,Health,2023-09-20,2023-02-09,3043.74,14751.63,Expired
256,268,94,Compulsory,2022-02-25,2025-06-17,3633.51,32848.7,Cancelled
257,327,52,Health,2022-01-12,2025-03-13,1607.69,37586.21,Active
258,485,96,Casco,2023-10-21,2024-06-28,1641.95,7521.68,Expired
259,319,58,Compulsory,2024-08-14,2024-05-30,3460.28,21335.26,Active
260,252,51,Health,2022-06-10,2025-02-09,2718.73,41811.17,Cancelled
261,201,84,Health,2023-06-02,2023-05-01,893.36,19116.86,Active
262,214,36,Health,2024-05-19,2023-04-06,4266.06,46690.76,Active
263,465,87,Health,2023-04-26,2024-05-08,3096.38,6601.01,Cancelled
264,451,7,Health,2024-05-22,2024-11-06,2644.45,26015.5,Expired
265,187,98,Casco,2023-05-23,2023-05-14,614.36,30267.47,Active
266,462,5,Health,2024-06-09,2025-07-12,3996.82,2060.26,Active
267,256,34,Compulsory,2022-06-19,2024-09-09,4415.56,29068.56,Expired
268,373,43,Compulsory,2022-03-18,2024-07-06,2777.92,10336.82,Cancelled
269,270,73,Health,2024-02-09,2025-04-27,3948.48,30465.63,Active
270,337,54,Casco,2023-05-19,2023-01-02,3403.52,15210.52,Cancelled
271,212,86,Compulsory,2022-11-25,2025-07-07,2690.13,41713.0,Cancelled
272,365,32,Casco,2022-09-04,2025-08-18,189.56,13019.38,Active
273,16,1,Casco,2022-12-05,2025-03-04,4246.38,7767.75,Expired
274,406,75,Compulsory,2024-09-20,2024-11-25,3715.62,14655.66,Expired
275,192,95,Compulsory,2022-10-12,2024-10-26,1800.32,36863.34,Active
276,192,16,Health,2022-02-21,2024-03-17,4753.82,36788.59,Active
277,370,25,Health,2023-06-04,2024-06-18,249.26,11203.48,Cancelled
278,90,40,Compulsory,2022-08-17,2024-03-06,372.48,40488.14,Active
279,271,66,Casco,2023-07-18,2024-01-15,3384.75,33569.08,Active
280,4,73,Casco,2023-10-21,2025-06-14,1879.08,33900.83,Expired
281,292,7,Casco,2023-01-23,2023-02-14,1444.62,2104.25,Cancelled
282,71,15,Health,2023-02-17,2024-12-15,4519.36,26906.84,Expired
283,362,47,Casco,2024-04-16,2024-06-26,2787.9,19690.74,Cancelled
284,51,59,Health,2022-08-29,2024-03-15,644.63,22950.66,Expired
285,430,97,Health,2022-03-22,2023-08-23,2764.75,33507.47,Cancelled
286,481,24,Compulsory,2023-04-16,2025-08-18,3405.07,41713.45,Active
287,397,16,Casco,2023-03-31,2025-04-01,2846.14,46429.33,Active
288,104,96,Compulsory,2024-03-31,2024-05-08,1601.09,45028.76,Expired
289,329,57,Casco,2023-08-10,2025-03-19,733.34,49272.31,Cancelled
290,18,66,Health,2023-04-04,2025-02-26,2652.79,48625.62,Active
291,466,86,Health,2022-04-01,2024-01-26,2883.68,3027.62,Cancelled
292,62,16,Health,2024-05-27,2023-12-25,3571.17,49259.96,Expired
293,22,36,Health,2023-05-26,2024-08-26,3653.57,48477.89,Expired
294,448,37,Casco,2023-04-03,2025-04-03,4018.95,3181.62,Cancelled
295,51,41,Health,2022-11-20,2025-01-29,3034.33,26136.75,Active
296,148,72,Health,2022-05-02,2025-07-18,489.82,31266.72,Expired
297,404,99,Compulsory,2023-05-25,2025-02-18,3465.14,47527.81,Cancelled
298,323,53,Casco,2024-02-03,2025-05-07,3656.17,12860.88,Expired
299,19,80,Compulsory,2023-11-01,2024-12-14,1617.63,4368.07,Expired
300,35,39,Compulsory,2022-01-19,2024-08-12,4610.02,40675.47,Expired
301,221,76,Casco,2022-04-16,2023-04-11,1435.76,45391.45,Expired
302,179,52,Casco,2023-02-18,2024-03-11,4442.51,35750.32,Active
303,134,65,Health,2023-02-27,2023-05-18,974.91,14319.44,Expired
304,202,59,Health,2022-02-06,2023-09-18,4122.7,43000.82,Active
305,57,2,Health,2023-07-25,2024-05-03,2538.66,8648.51,Cancelled
306,122,80,Compulsory,2023-07-17,2025-02-23,1926.37,26125.42,Cancelled
307,174,95,Casco,2022-01-01,2023-08-27,168.34,34591.09,Active
308,211,89,Health,2024-04-25,2025-07-20,1962.08,37407.92,Expired
309,490,4,Casco,2022-04-04,2025-05-29,324.34,5643.22,Expired
310,293,39,Compulsory,2024-03-21,2023-03-27,3717.16,23511.38,Cancelled
311,124,47,Health,2023-09-11,2023-10-18,3105.82,42660.4,Cancelled
312,25,69,Health,2024-09-13,2024-09-04,2681.03,36176.01,Cancelled
313,95,82,Health,2023-09-26,2025-06-16,1135.58,26571.2,Active
314,477,42,Compulsory,2023-10-15,2024-07-10,2093.85,24552.21,Expired
315,278,67,Compulsory,2022-11-08,2024-02-23,2311.17,6327.91,Active
316,237,69,Health,2024-06-30,2023-09-21,3790.38,34173.63,Expired
317,252,99,Health,2023-06-05,2023-07-13,2612.3,10559.08,Active
318,181,60,Casco,2023-07-30,2023-01-06,1516.05,7936.1,Cancelled
319,258,28,Compulsory,2022-07-31,2024-12-27,3022.67,21835.46,Active
320,405,74,Compulsory,2023-11-02,2025-01-31,680.47,35952.63,Expired
321,288,18,Health,2023-11-19,2025-03-19,4891.31,20729.95,Active
322,277,42,Casco,2023-04-13,2023-01-08,4459.91,13295.87,Active
323,35,70,Health,2024-08-31,2024-08-14,1355.82,36574.2,Active
324,339,42,Compulsory,2022-12-16,2024-06-19,220.23,4349.56,Cancelled
325,211,92,Casco,2023-01-08,2023-05-01,2859.18,5149.71,Cancelled
326,367,74,Compulsory,2024-04-25,2024-06-16,1653.8,47545.99,Active
327,252,9,Casco,2022-02-25,2023-01-08,3258.58,33840.06,Expired
328,367,29,Casco,2024-04-16,2024-01-20,1526.41,49808.41,Expired
329,240,68,Compulsory,2022-08-17,2024-11-01,3254.31,29019.02,Active
330,26,47,Health,2024-05-14,2023-07-30,2656.39,41546.41,Cancelled
331,331,95,Compulsory,2023-04-11,2024-12-05,1349.64,42083.4,Active
332,390,55,Compulsory,2022-12-06,2025-04-03,1786.68,10846.36,Expired
333,420,18,Compulsory,2023-07-28,2023-11-20,2389.22,24971.02,Expired
334,336,54,Compulsory,2024-02-25,2024-02-23,2065.21,21123.24,Cancelled
335,57,81,Compulsory,2023-09-27,2024-01-06,1533.97,16942.08,Cancelled
336,428,10,Compulsory,2023-09-07,2023-04-20,2705.74,19401.28,Active
337,96,54,Health,2023-04-30,2023-06-08,2696.74,25927.31,Active
338,364,19,Compulsory,2024-01-04,2024-03-12,4690.7,22708.52,Active
339,72,92,Compulsory,2023-11-04,2024-10-29,1083.64,1304.99,Cancelled
340,148,2,Casco,2023-01-08,2024-08-22,2300.55,19421.52,Active
341,38,60,Compulsory,2024-01-04,2023-09-17,1788.71,12209.74,Active
342,414,77,Health,2023-04-09,2023-09-25,2738.79,42171.3,Expired
343,280,12,Health,2022-04-27,2025-05-25,3569.17,33706.92,Active
344,320,24,Casco,2022-04-10,2024-07-02,1468.39,39582.05,Expired
345,462,38,Casco,2024-02-17,2024-03-09,1436.88,2642.82,Active
346,392,71,Casco,2023-11-06,2024-08-01,1113.35,34993.08,Active
347,168,20,Compulsory,2022-08-16,2024-01-10,819.24,10419.07,Expired
348,85,56,Compulsory,2022-01-03,2024-09-18,1729.53,39552.05,Active
349,270,69,Health,2022-12-16,2023-10-10,4573.61,9408.43,Cancelled
350,85,35,Casco,2022-12-30,2024-11-27,367.47,49310.91,Expired
351,490,90,Casco,2024-04-29,2024-02-11,2232.0,19769.08,Active
352,360,16,Health,2023-10-11,2025-02-12,3448.48,49839.79,Cancelled
353,171,68,Casco,2024-09-14,2023-07-28,2478.96,29774.64,Active
354,306,5,Casco,2024-03-30,2024-02-28,2334.04,6239.65,Cancelled
355,380,57,Compulsory,2022-10-26,2024-07-19,772.78,35625.57,Cancelled
356,5,61,Compulsory,2023-07-15,2025-03-13,688.18,33178.24,Cancelled
357,226,44,Compulsory,2023-06-19,2024-07-24,1635.29,3485.72,Cancelled
358,115,57,Health,2023-01-18,2024-05-09,4685.87,20156.58,Cancelled
359,414,83,Compulsory,2023-12-20,2023-07-03,1095.72,36995.25,Cancelled
360,212,59,Compulsory,2022-04-19,2024-01-15,1432.35,28045.89,Cancelled
361,283,25,Compulsory,2022-02-16,2024-07-26,3286.05,20948.3,Expired
362,480,7,Compulsory,2024-07-07,2024-07-22,1534.58,12916.56,Active
363,345,65,Compulsory,2022-06-18,2024-05-10,4701.69,40828.84,Active
364,481,42,Compulsory,2023-05-20,2023-09-17,1321.27,48829.09,Active
365,190,78,Compulsory,2022-05-24,2023-11-11,2396.88,35394.27,Expired
366,107,95,Health,2024-04-21,2024-08-14,2286.47,36479.14,Expired
367,222,26,Casco,2024-01-05,2023-12-19,3714.47,42529.87,Cancelled
368,54,72,Casco,2024-01-31,2025-03-03,4681.17,29607.89,Cancelled
369,46,18,Health,2024-01-09,2024-12-23,3926.27,33858.27,Expired
370,488,6,Casco,2023-02-24,2024-02-12,3079.26,11529.87,Expired
371,263,80,Health,2022-04-20,2025-01-23,1214.84,17975.63,Cancelled
372,307,82,Casco,2022-09-18,2023-05-22,2367.93,48401.21,Active
373,171,38,Health,2023-09-18,2025-05-25,1304.85,20062.22,Cancelled
374,133,87,Casco,2022-07-20,2025-06-03,4875.79,27977.52,Expired
375,126,80,Casco,2022-07-12,2024-11-06,1822.8,6938.41,Cancelled
376,490,24,Health,2022-05-04,2023-05-02,4193.75,28021.5,Expired
377,192,58,Compulsory,2024-08-10,2025-02-04,2560.9,47679.76,Expired
378,260,33,Casco,2024-05-22,2023-08-24,3805.96,12270.13,Active
379,176,57,Casco,2023-02-07,2024-04-02,2703.35,47433.46,Cancelled
380,9,61,Casco,2022-08-09,2025-03-12,3183.42,4210.46,Active
381,287,5,Casco,2023-04-14,2024-12-17,1699.67,9492.97,Cancelled
382,155,8,Compulsory,2024-04-24,2025-08-30,1083.19,14975.83,Active
383,78,35,Health,2024-03-11,2023-06-15,2149.36,30559.56,Active
384,15,88,Casco,2022-07-15,2023-04-13,2348.93,11925.69,Active
385,260,69,Health,2024-01-04,2023-08-08,2793.83,19007.52,Active
386,449,69,Health,2022-12-13,2024-06-04,825.43,28787.75,Cancelled
387,11,24,Compulsory,2022-04-21,2024-02-15,4892.71,49667.85,Cancelled
388,215,22,Health,2024-02-15,2025-03-15,4219.39,18411.36,Expired
389,490,42,Compulsory,2023-03-01,2023-12-13,4517.86,35305.99,Active
390,106,28,Compulsory,2022-02-17,2025-03-31,3947.19,41718.34,Active
391,119,48,Health,2024-08-06,2024-07-17,3529.7,37636.73,Expired
392,109,8,Compulsory,2023-10-11,2024-09-20,4041.28,44610.75,Active
393,482,88,Compulsory,2024-05-07,2024-12-14,4416.97,9602.71,Active
394,341,25,Casco,2023-11-20,2024-12-01,1571.12,9151.22,Cancelled
395,176,35,Health,2023-08-26,2024-12-24,4653.14,21327.67,Expired
396,456,96,Health,2022-05-07,2023-02-23,1723.59,43596.11,Active
397,38,49,Health,2024-03-01,2023-06-14,539.74,16397.92,Cancelled
398,61,43,Compulsory,2024-07-02,2024-02-03,1768.16,8881.5,Expired
399,303,4,Casco,2023-04-07,2025-09-14,2901.09,45345.96,Expired
400,380,91,Casco,2023-04-14,2024-10-13,1710.71,49885.77,Cancelled
401,311,16,Health,2023-11-06,2023-01-06,2931.3,30655.7,Expired
402,226,36,Casco,2023-08-27,2025-04-03,2785.22,20680.6,Active
403,461,83,Compulsory,2024-09-06,2023-04-04,4081.3,9389.02,Expired
404,114,96,Casco,2023-06-01,2025-04-23,330.7,39864.18,Active
405,92,9,Health,2022-05-18,2023-05-29,2201.82,42816.28,Active
406,201,75,Health,2024-09-13,2024-04-27,4793.81,8305.78,Active
407,343,92,Casco,2023-05-26,2025-08-06,3341.62,16035.7,Cancelled
408,249,98,Health,2022-01-05,2024-09-06,4675.06,44753.3,Cancelled
409,30,92,Compulsory,2023-06-28,2024-03-21,3350.49,13060.31,Cancelled
410,311,54,Casco,2024-01-24,2023-04-01,1717.11,14578.0,Active
411,150,75,Casco,2022-02-19,2023-03-07,4185.37,43765.62,Active
412,243,73,Casco,2023-07-21,2023-09-27,1592.42,29272.06,Active
413,179,15,Health,2024-08-15,2023-08-16,2072.7,16827.6,Active
414,485,78,Health,2023-03-20,2024-01-15,2760.69,25289.15,Active
415,401,81,Compulsory,2024-05-08,2023-03-23,2661.01,34273.49,Cancelled
416,309,28,Casco,2023-08-23,2024-09-15,1821.88,17645.12,Active
417,268,2,Compulsory,2023-05-10,2023-02-08,3071.93,31038.3,Cancelled
418,280,34,Health,2024-08-04,2025-01-11,3301.5,18281.26,Active
419,488,37,Compulsory,2023-06-05,2024-01-29,1217.18,6099.71,Expired
420,395,93,Compulsory,2024-03-10,2025-08-11,4141.95,48675.24,Active
421,120,99,Compulsory,2024-08-01,2024-02-15,1404.35,11619.22,Active
422,81,60,Health,2024-07-21,2024-09-20,2126.97,43369.25,Active
423,170,60,Compulsory,2022-07-01,2024-11-02,3883.78,36952.85,Expired
424,372,16,Casco,2023-12-10,2024-06-17,938.11,4775.29,Active
425,45,35,Health,2023-08-16,2023-10-21,470.0,15668.2,Cancelled
426,479,39,Health,2022-06-27,2024-12-29,3535.77,12982.46,Expired
427,147,47,Casco,2024-01-19,2025-09-13,540.02,1789.19,Cancelled
428,138,49,Health,2024-04-14,2024-09-03,595.18,45216.08,Cancelled
429,172,12,Casco,2022-05-12,2023-02-28,4337.04,19901.76,Active
430,229,12,Health,2022-04-17,2025-08-26,420.3,37183.96,Cancelled
431,309,33,Compulsory,2023-02-01,2025-03-03,4995.07,49806.87,Expired
432,444,18,Health,2023-11-05,2025-04-19,3503.52,26890.86,Expired
433,199,35,Health,2023-09-07,2023-06-29,4709.08,31797.93,Active
434,402,49,Health,2023-09-13,2024-10-17,4767.07,47197.92,Active
435,253,86,Compulsory,2024-06-22,2024-05-21,3163.52,22656.36,Cancelled
436,78,17,Casco,2022-11-26,2024-03-25,2844.46,48332.9,Active
437,454,27,Casco,2023-06-01,2023-01-11,307.06,37979.59,Expired
438,29,3,Casco,2024-06-21,2023-07-26,2260.66,15846.59,Expired
439,322,63,Compulsory,2023-01-29,2025-05-20,3546.5,10667.56,Active
440,23,96,Casco,2023-03-05,2024-11-03,908.04,34641.23,Cancelled
441,159,96,Compulsory,2023-09-16,2025-08-11,4887.82,42894.75,Active
442,233,34,Casco,2024-07-26,2025-04-03,2061.96,49327.21,Active
443,365,88,Casco,2023-12-11,2024-06-14,3812.6,25009.41,Active
444,50,79,Health,2024-02-20,2023-10-20,218.81,42211.61,Active
445,498,40,Compulsory,2022-09-12,2023-07-19,2710.29,14242.54,Expired
446,236,98,Compulsory,2022-10-08,2023-02-04,2526.5,35215.82,Cancelled
447,490,63,Casco,2023-02-12,2025-03-13,4247.33,27054.74,Active
448,293,32,Health,2024-09-13,2024-09-05,4207.84,6327.22,Expired
449,252,62,Casco,2022-12-18,2024-06-06,3055.62,8765.97,Active
450,144,50,Compulsory,2024-09-20,2024-06-12,3368.01,3764.56,Active
451,460,41,Health,2022-10-29,2024-12-16,1522.34,22554.3,Expired
452,309,57,Compulsory,2023-04-09,2023-08-26,3628.45,3478.21,Expired
453,245,49,Compulsory,2024-04-04,2024-09-21,3224.64,1879.49,Active
454,156,70,Health,2022-05-17,2023-06-23,4951.08,43132.06,Active
455,121,54,Casco,2022-05-22,2024-11-21,3380.07,17787.85,Active
456,259,70,Casco,2023-02-27,2023-02-06,2745.11,29005.84,Expired
457,129,40,Casco,2023-09-09,2024-01-04,4943.73,4768.95,Cancelled
458,115,37,Compulsory,2023-12-18,2023-09-02,4963.62,8284.31,Expired
459,226,2,Casco,2024-06-26,2024-11-01,3817.96,10960.26,Active
460,138,16,Health,2024-02-06,2023-01-01,1185.3,16823.83,Expired
461,187,77,Compulsory,2023-06-09,2025-09-26,706.96,38605.13,Active
462,263,100,Casco,2022-11-03,2023-06-11,1430.44,47648.42,Cancelled
463,202,14,Health,2024-05-13,2023-03-30,1288.37,10911.5,Cancelled
464,76,64,Compulsory,2023-12-20,2023-10-10,2245.41,33185.89,Cancelled
465,492,6,Casco,2023-07-15,2025-03-09,262.54,29432.32,Active
466,416,55,Health,2024-05-31,2024-02-14,1247.8,46314.61,Expired
467,303,80,Casco,2022-11-18,2023-12-28,2672.7,13432.0,Cancelled
468,299,39,Health,2023-12-30,2024-11-16,647.02,4550.19,Expired
469,100,1,Compulsory,2024-01-25,2024-02-09,1762.81,10617.67,Cancelled
470,467,42,Compulsory,2024-08-15,2024-02-20,4762.8,2960.75,Cancelled
471,5,7,Compulsory,2023-07-21,2024-08-23,4007.92,16065.72,Cancelled
472,351,37,Casco,2023-10-10,2023-07-25,1950.04,15450.1,Cancelled
473,200,52,Health,2022-08-11,2024-06-14,976.55,31901.88,Cancelled
474,299,55,Casco,2022-07-25,2023-01-16,622.76,1377.57,Cancelled
475,174,72,Casco,2022-08-03,2025-01-24,4825.28,47025.75,Active
476,500,25,Compulsory,2023-10-02,2024-12-21,233.49,26684.88,Expired
477,396,32,Casco,2024-01-02,2023-03-12,3808.42,20470.38,Cancelled
478,336,5,Compulsory,2022-10-25,2025-07-30,2745.21,32294.87,Active
479,329,100,Casco,2023-12-05,2023-04-03,4712.47,41243.59,Active
480,293,85,Health,2022-12-20,2024-07-16,3143.36,15856.57,Expired
481,208,63,Compulsory,2024-08-01,2023-10-19,4182.36,2204.23,Active
482,350,60,Compulsory,2023-11-20,2025-01-13,1651.76,42909.52,Expired
483,280,9,Compulsory,2022-05-16,2025-04-29,2990.92,22997.46,Active
484,409,51,Compulsory,2023-12-29,2024-07-26,3447.58,19729.69,Expired
485,135,31,Compulsory,2023-10-28,2025-07-25,3512.88,28079.08,Expired
486,99,3,Compulsory,2024-09-25,2024-08-19,2767.87,12180.12,Cancelled
487,434,70,Health,2024-09-08,2023-12-23,814.46,38470.39,Active
488,107,33,Health,2022-07-02,2023-12-22,3202.63,29041.08,Expired
489,11,31,Health,2023-05-31,2025-09-13,2868.2,36690.14,Expired
490,62,100,Casco,2023-07-10,2025-04-15,2917.82,42723.52,Active
491,54,19,Casco,2023-12-12,2023-10-11,4019.96,29656.61,Cancelled
492,278,44,Health,2023-10-15,2023-08-20,2386.91,40115.63,Expired
493,293,37,Health,2022-11-27,2024-09-12,1387.5,17054.21,Active
494,171,58,Health,2023-12-29,2025-09-13,255.13,6997.42,Cancelled
495,305,23,Casco,2022-04-29,2023-07-19,3244.01,19008.65,Cancelled
496,215,56,Compulsory,2024-02-19,2024-04-10,4525.27,14448.97,Expired
497,447,68,Health,2022-12-27,2025-08-10,1880.77,41392.06,Active
498,410,99,Health,2023-07-30,2024-02-18,3965.52,3847.17,Active
499,175,1,Casco,2023-05-07,2024-08-11,1451.29,1320.71,Cancelled
500,49,42,Casco,2023-08-20,2023-01-05,2601.38,3413.94,Active
501,483,95,Casco,2023-08-08,2023-09-25,1483.77,46295.35,Expired
502,167,54,Health,2024-08-23,2023-06-29,1473.52,25566.62,Active
503,416,29,Health,2023-11-15,2024-02-21,3116.83,33198.78,Active
504,93,72,Health,2023-12-29,2024-06-02,3581.2,47649.76,Expired
505,169,63,Compulsory,2023-03-04,2023-04-20,4296.95,47082.86,Active
506,162,24,Casco,2023-11-22,2024-07-26,2570.17,29045.54,Cancelled
507,72,87,Health,2024-02-05,2023-03-16,3481.08,40504.78,Active
508,172,49,Casco,2024-07-04,2024-05-30,2651.73,31760.17,Cancelled
509,145,7,Health,2024-05-11,2023-10-29,699.47,12050.36,Active
510,344,58,Health,2023-07-01,2023-12-15,2587.29,35755.7,Active
511,18,49,Casco,2022-10-20,2025-08-27,2392.08,35383.7,Expired
512,172,43,Casco,2024-06-17,2023-04-30,2827.49,20942.65,Expired
513,184,19,Compulsory,2024-05-17,2025-04-02,2615.87,30497.3,Expired
514,394,3,Compulsory,2023-03-09,2024-06-09,4122.86,30073.07,Cancelled
515,46,7,Health,2024-04-07,2025-09-06,2309.98,20972.07,Cancelled
516,311,98,Compulsory,2022-01-14,2023-09-21,566.3,29042.68,Active
517,1,95,Health,2023-06-20,2025-06-16,407.22,26534.05,Active
518,401,51,Casco,2022-04-20,2024-07-04,3623.94,2540.3,Cancelled
519,231,87,Casco,2022-01-26,2025-04-12,2717.95,40600.3,Cancelled
520,91,66,Casco,2023-01-26,2025-03-23,4216.6,14824.21,Cancelled
521,370,85,Compulsory,2022-05-29,2024-08-11,3734.11,20798.12,Cancelled
522,292,22,Casco,2022-02-24,2023-09-14,3081.81,33253.01,Active
523,91,24,Casco,2023-11-18,2024-12-11,3623.44,46621.57,Cancelled
524,363,76,Casco,2022-02-27,2024-03-29,747.2,29812.05,Active
525,13,38,Compulsory,2022-07-24,2025-09-16,3310.62,1008.87,Active
526,175,11,Health,2022-10-01,2024-01-22,3359.42,14639.56,Active
527,181,16,Casco,2024-02-08,2024-07-30,2195.02,39909.51,Cancelled
528,449,85,Casco,2024-03-15,2024-05-10,3349.36,12067.47,Active
529,485,66,Health,2022-06-14,2025-02-27,3496.44,44292.38,Cancelled
530,386,87,Health,2022-10-21,2023-09-07,4306.73,7166.2,Cancelled
531,342,3,Casco,2023-12-01,2025-02-14,4930.04,27774.7,Active
532,395,100,Compulsory,2022-09-14,2023-12-14,4025.83,34812.53,Cancelled
533,345,63,Casco,2022-05-30,2025-09-11,2424.92,18412.23,Active
534,87,90,Casco,2024-05-09,2025-03-05,1605.95,48420.36,Expired
535,172,14,Casco,2022-03-05,2024-04-14,3580.96,19780.78,Active
536,100,64,Compulsory,2023-12-09,2024-11-28,4690.87,40847.94,Active
537,113,90,Casco,2024-03-14,2024-04-16,3217.06,39433.88,Cancelled
538,285,17,Health,2022-10-30,2025-07-07,2859.38,4109.91,Expired
539,161,7,Health,2022-07-28,2024-08-23,822.76,49047.0,Active
540,267,65,Compulsory,2024-02-11,2025-06-01,2618.38,8734.28,Active
541,286,42,Casco,2023-07-09,2023-01-29,719.89,11541.31,Active
542,259,15,Compulsory,2022-02-03,2024-05-08,1167.17,37046.39,Active
543,319,54,Health,2023-01-03,2023-04-30,4162.11,15039.06,Expired
544,30,91,Casco,2024-04-13,2023-09-22,3599.02,32232.73,Expired
545,307,29,Casco,2023-04-09,2023-03-11,233.71,41691.95,Cancelled
546,316,52,Health,2022-04-15,2024-01-27,3359.49,25482.01,Expired
547,3,58,Compulsory,2023-09-23,2024-10-10,4187.15,32429.83,Expired
548,8,43,Health,2024-06-07,2025-03-18,3456.24,18626.05,Cancelled
549,419,52,Compulsory,2023-11-23,2023-08-14,4769.26,16351.07,Expired
550,347,81,Compulsory,2024-01-28,2024-11-24,2159.99,11907.57,Expired
551,5,25,Health,2023-07-30,2024-12-19,3680.42,7629.74,Expired
552,437,33,Health,2024-06-04,2023-08-24,3396.07,2563.04,Expired
553,208,73,Compulsory,2022-08-18,2025-03-30,496.37,27622.67,Expired
554,251,48,Health,2024-01-31,2023-11-20,4782.01,11188.61,Cancelled
555,42,72,Health,2023-10-25,2024-02-27,3417.52,49700.21,Expired
556,326,74,Health,2023-07-29,2025-09-05,3176.48,38811.74,Active
557,27,29,Health,2023-02-03,2023-12-28,2067.81,19542.59,Cancelled
558,328,98,Casco,2022-09-01,2024-06-12,3600.31,40056.89,Active
559,456,78,Health,2023-06-08,2024-07-02,2521.31,7823.15,Active
560,80,8,Compulsory,2024-03-14,2023-01-10,4118.67,7652.23,Expired
561,382,77,Compulsory,2024-03-26,2024-12-18,3579.88,33204.8,Active
562,419,11,Casco,2024-03-28,2025-05-02,1462.69,27584.51,Cancelled
563,155,22,Health,2023-12-14,2023-09-27,4458.82,44999.6,Cancelled
564,118,12,Health,2022-10-22,2023-09-12,1445.41,14471.86,Expired
565,204,71,Casco,2023-12-11,2023-10-22,2346.39,2255.56,Cancelled
566,476,91,Health,2023-11-12,2023-04-06,3469.55,47134.54,Cancelled
567,278,72,Compulsory,2022-02-18,2024-02-13,3150.12,37863.42,Expired
568,386,16,Casco,2024-08-06,2024-11-20,4847.98,34040.7,Expired
569,488,38,Casco,2023-01-26,2025-02-05,3455.65,2718.5,Expired
570,392,88,Compulsory,2023-02-01,2025-04-20,4740.29,17766.08,Cancelled
571,355,54,Health,2023-03-03,2023-12-17,4123.64,34243.48,Expired
572,439,73,Compulsory,2024-09-06,2023-03-19,1285.4,15427.87,Active
573,291,86,Casco,2024-03-18,2024-07-21,3832.55,10906.14,Active
574,373,45,Compulsory,2024-09-26,2025-08-11,620.54,40496.97,Active
575,122,49,Health,2023-12-03,2023-07-02,2210.57,22979.61,Active
576,124,36,Casco,2022-11-17,2024-05-02,3490.98,49606.29,Expired
577,254,62,Casco,2024-09-16,2023-11-18,4222.53,47170.41,Active
578,377,40,Health,2023-07-20,2023-12-29,3760.24,42275.6,Active
579,145,71,Health,2022-02-25,2023-08-12,4352.56,37682.4,Expired
580,460,78,Health,2022-01-14,2025-07-04,1921.17,24385.85,Expired
581,493,62,Compulsory,2024-02-01,2024-08-10,525.19,48247.79,Expired
582,1,97,Compulsory,2022-09-15,2023-10-03,2589.07,48363.39,Cancelled
583,70,20,Casco,2022-07-27,2023-07-07,3044.04,16381.07,Cancelled
584,241,11,Health,2023-09-28,2025-08-27,3207.67,40047.31,Cancelled
585,452,28,Casco,2024-06-08,2025-02-03,3576.92,40331.0,Cancelled
586,49,38,Casco,2024-03-10,2024-11-30,1738.53,29405.03,Cancelled
587,319,73,Compulsory,2024-05-31,2025-08-10,4491.1,8845.14,Cancelled
588,227,95,Compulsory,2024-06-10,2025-07-20,3473.59,13859.27,Cancelled
589,340,86,Compulsory,2023-03-30,2023-07-14,2342.35,37166.01,Cancelled
590,461,4,Compulsory,2024-04-29,2024-05-25,1187.58,13125.18,Cancelled
591,280,90,Casco,2022-08-19,2025-01-24,115.92,44731.51,Active
592,202,17,Casco,2024-07-22,2023-07-24,577.27,48233.02,Expired
593,252,7,Compulsory,2023-10-11,2023-08-29,2376.43,49761.7,Expired
594,300,73,Casco,2023-12-23,2025-01-23,2593.51,9115.7,Active
595,348,83,Health,2023-12-28,2023-09-05,3412.04,32146.69,Active
596,452,62,Compulsory,2023-10-26,2025-06-12,2053.53,5278.31,Expired
597,328,24,Health,2023-01-12,2023-09-29,3381.29,10879.63,Cancelled
598,71,22,Compulsory,2024-02-13,2023-07-31,4132.61,37219.72,Expired
599,114,84,Compulsory,2023-08-26,2023-08-23,225.96,12663.12,Expired
600,459,83,Health,2023-07-14,2023-07-27,4947.99,6915.01,Active
601,50,99,Casco,2024-01-27,2025-05-04,3504.28,25320.88,Active
602,471,12,Compulsory,2023-09-10,2023-09-13,674.8,42766.31,Cancelled
603,9,70,Compulsory,2022-07-21,2025-05-06,2164.97,24760.37,Expired
604,256,50,Casco,2024-03-05,2024-09-25,4844.93,17105.34,Active
605,15,30,Compulsory,2024-01-13,2023-12-31,3516.49,43146.34,Active
606,218,17,Casco,2024-09-14,2023-06-09,2975.98,18168.81,Expired
607,489,49,Health,2022-07-18,2025-03-08,4990.8,17909.44,Expired
608,198,4,Casco,2022-10-29,2023-04-20,1439.2,32487.34,Active
609,315,37,Health,2023-04-05,2023-05-03,3559.55,8178.81,Active
610,165,34,Health,2022-07-01,2025-07-31,3971.09,28386.75,Expired
611,214,84,Compulsory,2023-12-01,2023-03-22,2422.67,14669.13,Active
612,267,82,Health,2022-03-18,2024-11-23,2282.34,49423.56,Cancelled
613,131,90,Casco,2022-07-11,2025-09-05,1351.82,34378.58,Active
614,114,65,Casco,2024-09-12,2024-11-10,3913.39,20436.72,Active
615,241,59,Compulsory,2022-06-27,2024-05-19,734.23,44917.22,Expired
616,182,58,Compulsory,2024-01-23,2024-09-20,242.15,6240.77,Expired
617,406,24,Casco,2023-06-11,2023-01-07,4236.95,2772.22,Cancelled
618,238,98,Compulsory,2022-05-03,2025-02-21,1563.28,16386.39,Cancelled
619,404,96,Health,2023-01-22,2025-05-27,3619.92,20104.23,Active
620,451,33,Compulsory,2022-02-11,2024-07-08,3928.34,6417.74,Active
621,325,16,Casco,2023-03-15,2025-09-07,274.85,22124.24,Expired
622,271,64,Compulsory,2022-10-13,2023-02-13,620.91,47403.45,Expired
623,347,27,Casco,2023-07-24,2025-05-18,2229.9,36897.36,Expired
624,365,53,Casco,2022-09-28,2024-05-08,3229.91,19568.96,Active
625,410,34,Compulsory,2022-05-14,2024-01-16,2079.78,21529.42,Cancelled
626,127,21,Casco,2022-06-14,2024-09-27,2690.31,24496.77,Cancelled
627,452,73,Health,2023-08-22,2023-11-19,2673.74,44042.89,Active
628,4,94,Compulsory,2024-05-16,2024-05-19,3023.02,6195.95,Expired
629,327,69,Health,2022-09-19,2025-07-08,1226.67,12852.88,Expired
630,337,25,Health,2022-01-06,2025-06-21,4283.77,41950.17,Active
631,106,68,Casco,2022-12-05,2025-07-07,3616.16,8261.55,Active
632,157,95,Casco,2023-04-23,2024-08-11,368.16,24969.75,Cancelled
633,45,45,Casco,2023-12-28,2025-06-08,2114.22,19756.77,Cancelled
634,347,49,Compulsory,2024-08-17,2023-10-09,4397.72,22385.0,Expired
635,32,13,Casco,2022-06-08,2024-05-17,2722.5,8804.96,Cancelled
636,390,61,Casco,2022-02-10,2023-07-07,1205.45,45450.54,Active
637,341,23,Health,2022-06-07,2025-02-21,1451.76,30687.93,Cancelled
638,334,82,Compulsory,2024-08-08,2025-07-26,2453.48,45579.3,Expired
639,267,47,Health,2022-11-27,2024-06-07,3929.07,32596.97,Active
640,15,14,Casco,2023-09-04,2023-10-14,1049.1,49382.79,Expired
641,176,46,Health,2022-02-22,2024-02-12,2572.52,11049.35,Cancelled
642,173,90,Compulsory,2024-03-03,2023-08-16,4427.37,49573.44,Active
643,184,67,Compulsory,2024-08-12,2025-02-07,4938.0,13137.08,Active
644,127,100,Health,2023-10-03,2024-08-13,4846.3,33171.77,Expired
645,44,49,Health,2023-09-23,2023-05-12,1790.73,13916.41,Cancelled
646,283,95,Compulsory,2024-05-13,2023-02-25,1630.81,28136.28,Expired
647,211,64,Casco,2023-11-09,2024-06-22,2534.94,35609.48,Expired
648,179,82,Casco,2022-11-05,2025-03-29,3899.86,18465.78,Expired
649,270,71,Casco,2023-05-18,2024-03-09,3881.86,10114.13,Expired
650,373,4,Compulsory,2024-03-19,2024-05-04,2514.88,42199.53,Cancelled
651,199,13,Casco,2023-08-10,2025-08-20,991.92,46769.67,Active
652,113,78,Casco,2023-07-18,2024-07-07,3114.81,31004.55,Active
653,192,83,Casco,2023-01-02,2023-02-03,3411.27,28784.88,Cancelled
654,427,59,Casco,2022-03-16,2024-05-29,4094.62,27737.22,Expired
655,234,1,Health,2024-03-13,2023-12-22,4455.99,41184.59,Expired
656,324,36,Casco,2023-12-26,2024-02-08,3091.45,47203.92,Active
657,202,78,Compulsory,2022-11-22,2025-05-31,1042.74,19322.92,Expired
658,288,3,Health,2023-06-23,2024-12-03,2420.76,4731.64,Cancelled
659,108,1,Health,2022-08-14,2025-03-05,385.92,9888.19,Active
660,466,91,Compulsory,2024-09-06,2023-06-28,2594.83,46690.64,Expired
661,256,70,Casco,2022-07-08,2024-04-13,1943.27,20307.44,Active
662,154,89,Casco,2023-06-18,2025-09-26,4153.3,15822.98,Active
663,215,4,Casco,2022-03-11,2023-05-04,384.46,12061.38,Active
664,83,25,Health,2024-03-16,2024-12-16,2114.32,14170.43,Cancelled
665,109,68,Casco,2023-06-02,2024-06-14,2130.11,17893.5,Expired
666,132,88,Casco,2022-06-13,2024-04-16,883.83,27657.42,Active
667,314,32,Casco,2023-03-02,2023-11-20,4624.5,10589.75,Cancelled
668,359,76,Compulsory,2023-07-11,2024-12-06,4861.39,26468.4,Active
669,286,52,Compulsory,2023-07-04,2023-01-09,1153.92,39491.48,Active
670,200,35,Casco,2023-02-18,2023-01-13,247.86,11125.04,Expired
671,244,35,Health,2022-04-05,2024-11-21,4808.98,2938.96,Expired
672,361,33,Compulsory,2022-12-24,2023-08-04,1925.3,22260.24,Cancelled
673,211,74,Compulsory,2022-08-15,2024-01-24,2179.44,15827.41,Active
674,191,45,Compulsory,2024-06-23,2024-08-17,537.93,3809.86,Active
675,23,59,Health,2022-08-07,2023-04-14,2550.83,22319.01,Expired
676,72,59,Health,2023-11-11,2023-11-30,2714.49,19925.48,Expired
677,357,70,Compulsory,2022-12-06,2024-01-06,3349.26,10593.46,Active
678,386,7,Compulsory,2022-12-06,2024-09-19,2287.07,11134.32,Cancelled
679,426,78,Casco,2023-01-05,2025-06-01,4986.3,22935.66,Expired
680,339,8,Compulsory,2022-10-28,2023-09-23,607.46,47773.35,Expired
681,145,43,Health,2022-08-12,2023-07-11,1570.94,2108.86,Active
682,106,85,Health,2024-08-31,2024-07-15,2255.86,41902.5,Expired
683,366,82,Health,2024-02-10,2023-09-27,3860.59,17022.5,Expired
684,182,98,Compulsory,2023-09-26,2023-08-31,1116.86,7705.25,Expired
685,276,53,Compulsory,2023-06-28,2023-10-03,2495.46,39498.07,Active
686,117,91,Casco,2023-05-02,2024-04-27,2626.15,34929.96,Cancelled
687,159,39,Casco,2023-07-29,2025-09-08,865.02,22625.8,Active
688,273,30,Health,2024-04-23,2024-09-19,1129.78,35713.61,Expired
689,131,61,Casco,2024-02-10,2023-12-18,2793.61,23238.92,Expired
690,416,53,Health,2023-10-27,2024-01-10,3710.07,15324.03,Active
691,38,32,Casco,2022-01-10,2023-07-08,2413.82,11314.33,Active
692,492,55,Casco,2022-04-28,2024-05-25,477.7,38716.21,Expired
693,415,100,Compulsory,2023-11-16,2024-03-10,4529.08,43596.85,Active
694,435,29,Health,2022-12-21,2023-08-04,458.83,45739.64,Cancelled
695,222,2,Casco,2023-04-02,2024-03-05,4572.03,26475.05,Expired
696,101,13,Casco,2022-09-04,2024-12-18,1085.3,8606.57,Cancelled
697,182,2,Compulsory,2024-07-15,2025-02-09,1330.41,41935.98,Active
698,25,84,Compulsory,2023-10-20,2024-01-17,4284.24,18274.51,Cancelled
699,239,48,Casco,2023-09-21,2024-01-09,3776.5,38381.43,Cancelled
700,257,72,Casco,2024-07-29,2025-05-24,201.17,20862.42,Expired
701,258,37,Health,2023-09-29,2024-02-15,1131.12,36734.82,Expired
702,288,35,Casco,2022-09-07,2023-10-14,2341.53,25316.35,Expired
703,270,23,Casco,2024-09-08,2024-04-06,1319.07,40197.64,Expired
704,216,23,Health,2022-02-10,2023-07-04,2450.41,38427.82,Expired
705,275,85,Casco,2023-11-30,2024-08-08,2258.12,18414.27,Active
706,249,44,Compulsory,2024-06-25,2023-05-15,4142.86,20764.62,Active
707,158,91,Health,2022-11-25,2024-08-12,3892.84,4890.68,Cancelled
708,192,58,Casco,2023-01-26,2024-12-03,412.78,28669.16,Expired
709,189,52,Casco,2024-07-26,2023-08-23,2329.65,15861.95,Expired
710,402,74,Health,2024-03-26,2025-04-13,1337.82,8969.22,Expired
711,24,81,Casco,2024-08-25,2023-04-13,4146.11,39733.27,Cancelled
712,206,87,Compulsory,2022-04-27,2025-01-08,4273.21,5734.38,Cancelled
713,146,89,Health,2023-01-31,2023-10-04,3941.15,46978.41,Active
714,229,24,Casco,2022-09-20,2025-04-03,3614.53,7020.5,Active
715,397,97,Health,2023-07-08,2023-08-30,3880.8,1413.85,Cancelled
716,479,46,Compulsory,2024-01-12,2024-07-22,2211.48,41200.6,Cancelled
717,111,44,Compulsory,2022-10-17,2024-03-18,1004.07,17713.41,Cancelled
718,236,79,Health,2022-01-26,2025-05-26,3630.92,34249.81,Cancelled
719,37,95,Health,2024-07-22,2024-01-26,596.06,27483.41,Expired
720,151,55,Compulsory,2023-06-14,2023-07-20,3449.18,42880.0,Cancelled
721,84,8,Casco,2024-04-21,2023-05-30,4389.17,34824.05,Active
722,232,77,Casco,2024-02-28,2025-03-30,4799.71,11202.3,Cancelled
723,396,7,Compulsory,2023-01-19,2025-09-09,2604.56,28028.8,Active
724,256,85,Compulsory,2023-06-11,2025-01-26,1478.97,26908.87,Cancelled
725,321,38,Health,2024-04-02,2023-06-03,4277.05,39582.83,Cancelled
726,352,76,Casco,2023-06-05,2024-04-29,2634.55,31167.65,Cancelled
727,255,86,Casco,2023-04-02,2025-04-05,4626.19,1642.11,Cancelled
728,371,33,Health,2023-05-14,2023-01-10,241.58,20193.69,Expired
729,210,11,Health,2022-02-14,2023-06-30,4814.21,35890.28,Cancelled
730,89,78,Compulsory,2022-10-31,2024-03-07,4311.95,11015.96,Cancelled
731,307,47,Compulsory,2024-07-08,2024-05-26,1459.2,39562.69,Active
732,354,72,Casco,2023-10-30,2023-05-18,4162.83,40779.72,Cancelled
733,499,84,Compulsory,2022-07-17,2025-07-03,858.02,47177.45,Active
734,153,11,Casco,2022-11-25,2025-05-19,3457.06,21807.27,Active
735,317,36,Casco,2023-06-11,2024-10-07,668.73,34021.94,Active
736,317,54,Casco,2022-03-26,2024-06-13,2714.03,11891.29,Expired
737,297,39,Health,2024-08-28,2024-06-30,1407.87,48869.56,Expired
738,366,23,Casco,2022-04-09,2025-01-07,4092.66,31284.15,Cancelled
739,197,9,Health,2022-06-21,2023-11-20,895.25,37549.6,Expired
740,456,43,Health,2024-09-21,2025-03-15,1714.95,36241.89,Cancelled
741,496,19,Health,2024-09-06,2024-05-13,3113.91,28508.0,Cancelled
742,498,63,Health,2024-03-02,2023-11-04,2886.76,25339.7,Active
743,314,52,Casco,2023-07-05,2023-09-14,1900.37,10193.35,Active
744,91,2,Casco,2023-07-01,2024-07-29,4813.86,5611.26,Cancelled
745,243,45,Compulsory,2022-01-08,2025-05-29,934.4,7658.24,Cancelled
746,122,64,Casco,2023-10-04,2024-08-04,4225.81,22544.48,Active
747,271,1,Health,2022-03-09,2023-02-18,3240.61,16322.77,Active
748,451,52,Compulsory,2022-08-04,2024-02-12,1962.97,16883.78,Expired
749,347,5,Compulsory,2023-11-18,2023-04-12,3748.01,33499.0,Cancelled
750,457,15,Compulsory,2023-10-07,2024-12-08,4755.35,18415.42,Expired
751,379,58,Casco,2024-03-03,2023-06-17,2898.56,4372.68,Active
752,72,78,Compulsory,2022-08-07,2023-03-03,4382.78,14617.81,Expired
753,106,51,Casco,2024-06-04,2023-08-09,3575.11,46300.87,Expired
754,284,26,Compulsory,2023-12-03,2025-04-13,3658.18,24622.14,Expired
755,375,50,Compulsory,2023-03-11,2023-09-18,4125.06,37882.88,Cancelled
756,122,100,Casco,2024-05-05,2024-05-02,4821.52,29191.09,Expired
757,24,27,Casco,2022-04-17,2025-05-09,212.54,39723.2,Cancelled
758,377,63,Casco,2022-07-30,2024-10-06,2069.17,20470.88,Expired
759,34,53,Health,2023-07-05,2023-04-09,4782.04,36574.64,Active
760,274,15,Health,2024-04-28,2024-04-05,4757.9,36371.64,Active
761,421,51,Casco,2023-12-21,2025-02-01,4061.13,21656.66,Expired
762,149,75,Compulsory,2024-06-18,2023-12-09,2525.45,41742.28,Expired
763,112,58,Casco,2024-09-26,2023-09-24,2363.26,7317.55,Active
764,143,68,Compulsory,2024-01-30,2024-01-05,265.61,44767.63,Expired
765,485,26,Health,2024-03-04,2024-01-04,3809.19,23760.98,Expired
766,348,49,Casco,2023-03-22,2024-07-27,4514.51,36655.68,Cancelled
767,31,24,Health,2023-10-25,2024-07-24,1221.81,15821.74,Active
768,143,44,Compulsory,2024-04-16,2025-08-12,2035.61,35040.94,Cancelled
769,431,30,Health,2024-08-20,2025-04-09,1983.58,42498.17,Active
770,39,9,Compulsory,2022-03-15,2023-09-21,908.54,46513.38,Active
771,286,23,Health,2024-02-04,2023-12-19,2691.02,13416.4,Cancelled
772,42,33,Compulsory,2023-12-04,2023-01-21,970.95,44409.69,Active
773,360,55,Health,2022-06-07,2024-02-26,681.54,4901.89,Cancelled
774,390,80,Compulsory,2022-01-25,2023-05-05,1053.54,2905.37,Expired
775,181,26,Compulsory,2023-04-16,2023-12-26,4964.95,40348.68,Active
776,364,24,Casco,2024-01-05,2025-06-07,4144.18,20414.37,Cancelled
777,18,70,Casco,2022-12-06,2024-11-26,1956.12,26853.78,Active
778,189,18,Casco,2022-02-08,2025-09-13,3016.93,15198.75,Cancelled
779,230,78,Health,2022-03-31,2024-09-12,987.49,16574.19,Expired
780,248,22,Compulsory,2022-03-17,2023-07-23,1622.64,16644.63,Expired
781,139,17,Health,2022-02-25,2024-08-13,501.67,27191.94,Active
782,35,33,Casco,2022-07-02,2024-08-12,478.86,4701.37,Active
783,164,62,Casco,2024-03-24,2024-10-27,3155.36,43265.07,Active
784,381,49,Casco,2022-09-15,2024-10-26,2820.72,39580.16,Cancelled
785,84,69,Health,2023-07-26,2024-07-05,2588.37,2961.65,Expired
786,133,96,Health,2022-03-14,2023-06-28,3999.72,35750.11,Active
787,447,71,Health,2023-08-12,2025-03-10,2894.76,12069.19,Cancelled
788,4,41,Compulsory,2024-04-21,2023-10-19,1800.92,14814.25,Expired
789,99,56,Compulsory,2022-08-22,2023-12-30,4886.37,26705.57,Active
790,433,35,Compulsory,2024-07-21,2023-11-29,4238.29,38115.61,Expired
791,4,52,Health,2022-09-22,2024-11-20,2827.57,19454.32,Cancelled
792,254,28,Casco,2023-02-22,2024-06-06,3597.54,23118.09,Active
793,133,15,Casco,2023-02-02,2024-05-14,4486.96,49671.04,Cancelled
794,355,91,Compulsory,2023-04-07,2025-03-04,3031.18,22071.02,Cancelled
795,355,66,Compulsory,2023-10-08,2025-01-24,1062.02,29799.37,Cancelled
796,185,49,Compulsory,2023-02-19,2024-04-02,2259.78,39914.47,Active
797,480,77,Casco,2023-03-20,2025-06-29,2468.66,26548.94,Cancelled
798,479,95,Compulsory,2022-11-20,2023-03-22,1745.42,20387.09,Expired
799,449,37,Health,2022-01-18,2024-01-26,977.89,28900.85,Active
800,169,16,Casco,2023-02-03,2024-09-20,3917.03,28271.26,Cancelled
801,271,94,Casco,2023-11-21,2023-10-21,4728.25,43612.5,Cancelled
802,363,17,Casco,2022-05-02,2024-04-19,3906.9,2475.37,Cancelled
803,45,4,Health,2023-07-02,2024-10-08,262.75,4110.5,Expired
804,49,91,Casco,2022-01-07,2025-09-06,915.1,31559.32,Active
805,204,55,Health,2023-10-19,2023-05-29,2438.92,42027.72,Cancelled
806,218,38,Health,2024-01-08,2025-06-08,1389.36,33779.87,Cancelled
807,279,63,Casco,2023-09-26,2023-06-21,570.62,22873.19,Active
808,91,53,Health,2022-03-06,2024-10-17,1883.74,42021.54,Expired
809,83,98,Casco,2024-02-14,2025-04-07,4354.05,46488.8,Cancelled
810,253,60,Health,2024-02-03,2025-08-08,1166.18,43370.09,Cancelled
811,377,8,Health,2023-08-23,2023-12-12,4319.85,42880.25,Expired
812,437,7,Casco,2022-02-16,2024-03-07,4661.33,28014.26,Expired
813,342,61,Casco,2023-12-19,2024-10-08,1251.21,30303.97,Expired
814,78,10,Compulsory,2024-05-18,2024-09-19,453.47,15268.1,Cancelled
815,405,77,Casco,2022-03-16,2024-08-08,1796.52,37586.62,Cancelled
816,354,12,Compulsory,2023-01-02,2024-02-19,2172.75,8882.63,Expired
817,220,5,Health,2024-08-08,2025-05-19,116.27,23539.21,Expired
818,314,11,Compulsory,2023-05-30,2025-07-17,3610.06,20168.64,Expired
819,305,68,Casco,2022-04-19,2023-03-15,984.6,5323.09,Expired
820,54,3,Health,2022-10-24,2023-03-23,1955.56,16602.09,Cancelled
821,216,50,Compulsory,2024-03-16,2023-06-15,3923.43,3407.69,Expired
822,253,9,Casco,2023-12-04,2023-12-18,2180.93,37030.65,Cancelled
823,361,18,Health,2022-11-05,2023-08-22,2192.89,45497.83,Active
824,433,77,Casco,2023-09-14,2023-11-18,3255.99,32083.01,Expired
825,175,39,Casco,2022-03-30,2023-11-21,3672.89,32186.76,Expired
826,202,92,Compulsory,2022-10-16,2024-10-30,4457.56,17880.26,Cancelled
827,167,12,Casco,2024-02-23,2023-10-26,1575.04,17047.46,Expired
828,222,17,Health,2024-08-06,2024-12-28,986.81,32564.07,Expired
829,449,48,Health,2023-03-25,2023-10-01,4791.45,26026.74,Active
830,95,33,Health,2023-01-26,2024-09-11,760.6,13048.71,Active
831,208,38,Casco,2023-02-09,2024-10-22,2982.47,44981.56,Active
832,237,78,Casco,2024-04-21,2024-02-09,1182.04,20371.18,Cancelled
833,70,17,Casco,2023-11-08,2023-10-05,2941.41,5093.7,Cancelled
834,71,26,Casco,2022-02-01,2025-06-27,3575.12,29817.61,Active
835,471,70,Compulsory,2023-05-01,2024-03-31,4457.13,42609.11,Cancelled
836,391,69,Compulsory,2022-06-10,2025-03-10,2211.88,8043.8,Cancelled
837,493,65,Health,2023-07-01,2025-06-02,910.05,26905.84,Active
838,265,76,Casco,2022-08-14,2025-08-19,2667.1,20048.92,Cancelled
839,320,59,Casco,2022-05-20,2024-01-07,1248.61,5128.13,Expired
840,40,34,Compulsory,2024-02-04,2025-02-04,3162.89,5180.75,Active
841,23,11,Compulsory,2023-02-05,2024-08-24,3619.44,32712.74,Cancelled
842,239,12,Compulsory,2024-03-26,2024-06-17,1479.05,41213.13,Active
843,186,59,Casco,2024-03-27,2025-09-15,4474.87,14502.81,Expired
844,1,62,Casco,2024-05-19,2024-04-06,3326.52,16945.49,Expired
845,25,37,Compulsory,2023-07-13,2024-02-28,1984.71,8215.75,Cancelled
846,262,54,Casco,2022-10-30,2023-06-21,463.13,26741.15,Cancelled
847,142,12,Health,2024-09-10,2023-07-08,3260.14,27246.97,Active
848,171,69,Compulsory,2023-10-12,2025-05-24,1834.46,19864.52,Cancelled
849,118,54,Health,2022-05-28,2023-01-24,1385.43,41184.23,Expired
850,367,100,Health,2022-11-02,2023-05-09,1050.25,41710.27,Active
851,455,77,Casco,2023-11-25,2025-01-15,1316.4,1933.44,Active
852,215,13,Compulsory,2024-06-27,2023-08-29,4393.27,12920.93,Active
853,119,97,Health,2024-07-25,2024-11-08,953.83,9356.64,Cancelled
854,73,62,Health,2024-09-15,2023-09-15,3941.95,14749.35,Active
855,87,71,Compulsory,2024-03-25,2025-08-21,3030.92,26405.18,Cancelled
856,360,4,Compulsory,2024-06-06,2025-01-31,1699.56,26881.71,Expired
857,86,79,Compulsory,2024-01-17,2024-12-18,2560.06,19388.17,Expired
858,251,74,Health,2023-10-26,2025-02-06,2307.04,17150.22,Expired
859,67,91,Casco,2023-01-18,2023-03-23,3164.73,23408.74,Cancelled
860,116,56,Health,2024-09-07,2023-08-04,272.64,41814.71,Active
861,281,90,Casco,2024-08-30,2023-06-20,1730.22,33353.77,Active
862,311,99,Casco,2022-01-12,2024-02-11,4536.16,20801.96,Active
863,216,94,Casco,2023-07-21,2023-04-16,3265.1,26098.45,Expired
864,428,87,Compulsory,2024-06-14,2023-04-08,2458.41,7588.81,Expired
865,363,63,Health,2023-07-23,2023-03-07,2336.85,26013.56,Expired
866,224,85,Compulsory,2022-05-25,2025-08-17,3102.34,19238.88,Expired
867,420,49,Compulsory,2022-05-07,2025-06-18,3333.4,10397.73,Expired
868,143,75,Casco,2022-02-12,2024-04-29,1882.24,29652.83,Cancelled
869,310,73,Compulsory,2022-01-06,2024-07-15,2370.23,5477.19,Cancelled
870,241,13,Health,2023-08-10,2023-02-25,3973.51,40303.5,Cancelled
871,219,70,Compulsory,2023-09-03,2023-01-27,3089.96,48557.47,Active
872,169,94,Health,2023-02-08,2025-02-28,4097.85,49680.51,Active
873,84,89,Casco,2023-07-05,2024-02-11,2837.51,29190.04,Active
874,162,42,Casco,2023-07-15,2024-06-20,472.85,6895.94,Cancelled
875,178,90,Compulsory,2024-08-27,2025-02-22,200.36,32584.06,Expired
876,212,2,Casco,2022-03-29,2023-03-27,2492.64,22103.84,Cancelled
877,497,82,Health,2022-11-09,2023-04-17,3507.97,33313.54,Active
878,372,52,Health,2022-08-04,2023-09-26,457.62,39943.97,Active
879,336,57,Health,2024-02-06,2024-09-24,3455.77,41871.78,Cancelled
880,476,79,Health,2024-01-30,2023-06-09,2769.7,38537.58,Expired
881,13,19,Health,2024-07-14,2023-03-28,749.91,30915.29,Expired
882,72,69,Compulsory,2024-01-14,2024-11-01,2083.75,16395.42,Cancelled
883,187,58,Casco,2022-12-19,2025-08-11,2117.3,48564.0,Cancelled
884,171,30,Compulsory,2022-08-05,2025-06-25,231.48,28077.12,Cancelled
885,343,31,Health,2023-02-27,2024-02-04,2460.68,2154.49,Cancelled
886,159,74,Compulsory,2024-07-16,2023-11-13,799.27,43758.98,Active
887,450,100,Compulsory,2023-10-24,2023-08-23,4710.3,1605.93,Cancelled
888,481,56,Compulsory,2024-05-21,2023-09-11,302.58,19579.16,Active
889,257,83,Casco,2023-06-09,2025-01-25,2926.43,12736.96,Expired
890,385,27,Compulsory,2022-05-26,2023-10-18,4665.52,21512.24,Expired
891,110,17,Health,2022-06-14,2024-03-29,1699.16,49579.31,Cancelled
892,41,28,Compulsory,2022-07-08,2024-10-03,1487.66,21270.41,Expired
893,466,63,Health,2022-08-15,2023-05-10,4033.72,8878.56,Active
894,495,4,Casco,2023-09-24,2023-05-15,4287.94,12488.15,Cancelled
895,431,30,Health,2024-05-04,2024-06-23,1972.82,20020.0,Active
896,335,16,Compulsory,2022-09-16,2025-05-08,4011.19,41664.71,Active
897,334,65,Health,2022-07-18,2023-06-24,1216.21,19789.03,Cancelled
898,375,66,Health,2022-04-28,2023-01-30,3731.16,29816.1,Expired
899,446,58,Health,2022-07-05,2023-02-05,2936.71,15916.19,Expired
900,185,38,Compulsory,2023-11-19,2024-11-10,1318.63,9619.53,Active
901,412,59,Health,2024-03-29,2024-01-01,3341.11,44996.25,Cancelled
902,120,52,Health,2023-08-04,2025-05-31,1901.85,31565.69,Cancelled
903,322,68,Casco,2024-05-22,2025-07-26,4640.85,46846.12,Cancelled
904,74,1,Compulsory,2022-02-25,2023-11-30,4204.54,20182.35,Active
905,304,37,Health,2024-05-21,2025-06-03,2872.61,4556.09,Active
906,7,57,Compulsory,2024-02-09,2024-05-02,1567.65,21192.44,Active
907,433,47,Casco,2024-08-12,2024-04-23,1362.42,33015.79,Active
908,322,96,Casco,2023-07-17,2025-09-25,2726.79,45432.45,Cancelled
909,7,37,Casco,2023-04-18,2025-06-10,2438.29,41527.03,Expired
910,363,1,Health,2023-10-23,2024-07-07,1809.06,26056.99,Active
911,12,18,Compulsory,2023-07-17,2025-08-15,3650.39,45441.2,Active
912,56,72,Casco,2022-03-16,2023-10-06,1122.22,18748.92,Expired
913,344,25,Casco,2022-10-25,2024-07-15,4786.65,9648.99,Expired
914,190,15,Compulsory,2023-11-19,2024-03-31,1565.16,31838.16,Cancelled
915,263,16,Casco,2022-03-10,2023-05-19,4366.97,14065.59,Expired
916,136,78,Compulsory,2022-09-14,2025-09-19,2497.71,9117.04,Expired
917,343,71,Compulsory,2022-04-11,2025-08-29,4046.57,12809.32,Expired
918,493,34,Casco,2022-07-22,2024-12-15,2669.4,42131.79,Cancelled
919,408,11,Compulsory,2024-01-14,2024-07-06,383.35,32737.14,Cancelled
920,72,48,Health,2023-08-18,2023-07-01,4378.92,45615.13,Active
921,84,10,Health,2023-05-14,2024-08-28,4404.65,49143.0,Active
922,24,4,Health,2024-09-01,2024-09-03,560.5,23076.05,Expired
923,67,89,Health,2022-12-05,2024-04-12,2161.63,42419.11,Cancelled
924,24,68,Health,2023-01-01,2024-10-08,2883.24,41182.87,Cancelled
925,434,49,Compulsory,2022-05-12,2025-02-05,3163.77,32014.75,Active
926,395,29,Compulsory,2023-11-19,2024-10-13,704.3,18150.82,Active
927,53,83,Casco,2023-11-03,2025-06-17,2696.03,1121.4,Cancelled
928,273,31,Health,2022-08-29,2024-07-31,2268.72,25637.22,Active
929,209,74,Casco,2022-04-13,2024-03-21,2286.4,25663.65,Active
930,297,15,Compulsory,2022-10-19,2024-06-20,2572.69,35412.73,Expired
931,36,45,Compulsory,2023-09-27,2024-10-17,4563.83,1522.39,Cancelled
932,237,70,Casco,2022-03-13,2024-10-16,3458.14,38929.43,Expired
933,61,46,Casco,2024-07-10,2024-06-30,2959.98,42120.68,Expired
934,184,86,Health,2022-07-18,2023-11-14,4669.34,31561.94,Cancelled
935,452,64,Casco,2022-11-22,2025-07-19,4904.74,8218.96,Expired
936,301,94,Compulsory,2023-05-13,2023-12-22,3367.89,39054.8,Active
937,375,95,Health,2023-04-07,2024-05-08,4318.19,36198.48,Active
938,164,42,Health,2022-12-03,2024-07-06,1355.57,14890.62,Cancelled
939,441,41,Health,2023-09-24,2023-08-21,3749.83,41928.23,Cancelled
940,278,82,Compulsory,2023-11-07,2025-04-04,3943.48,31723.54,Active
941,150,11,Casco,2022-11-10,2023-04-02,851.07,13624.66,Expired
942,313,77,Casco,2023-12-12,2024-03-28,3095.43,7983.3,Active
943,194,1,Casco,2023-08-22,2023-11-12,3165.74,48568.43,Active
944,223,49,Health,2022-06-06,2024-01-10,4272.72,32589.98,Cancelled
945,197,12,Casco,2023-08-03,2024-02-27,3945.53,4010.82,Active
946,24,46,Health,2023-08-04,2023-09-24,2539.19,32988.41,Cancelled
947,142,21,Casco,2023-01-09,2023-06-09,295.36,6654.85,Cancelled
948,275,77,Casco,2024-04-07,2023-11-07,815.15,27344.11,Active
949,214,9,Compulsory,2022-11-20,2023-01-11,3224.92,20205.42,Expired
950,252,51,Health,2024-09-08,2023-01-01,1308.0,15483.68,Active
951,56,37,Casco,2023-03-15,2024-06-19,3542.75,15684.68,Cancelled
952,192,51,Health,2022-06-22,2025-04-14,3065.31,45296.49,Expired
953,404,46,Health,2022-01-05,2025-02-15,4949.64,45852.78,Cancelled
954,143,10,Compulsory,2022-11-17,2025-05-18,2858.97,39062.63,Active
955,454,76,Compulsory,2022-09-10,2023-05-20,545.54,43066.83,Expired
956,111,55,Casco,2024-03-15,2023-12-19,2882.16,13817.64,Active
957,170,89,Casco,2022-08-15,2023-10-21,2869.37,23686.34,Expired
958,306,11,Health,2023-12-31,2024-04-25,3657.2,16256.88,Active
959,57,98,Compulsory,2024-01-28,2024-07-01,1143.97,37838.75,Active
960,159,28,Compulsory,2023-10-19,2023-01-09,4499.17,32607.34,Expired
961,323,44,Health,2023-03-23,2024-12-05,1153.09,38342.47,Cancelled
962,345,75,Casco,2022-10-11,2025-08-02,764.66,18046.2,Cancelled
963,244,27,Compulsory,2024-05-10,2024-05-18,2442.95,16769.75,Active
964,185,96,Casco,2023-01-04,2025-08-27,764.33,14579.98,Expired
965,169,75,Compulsory,2022-05-18,2025-02-12,429.6,45681.58,Active
966,146,30,Casco,2023-11-27,2024-05-03,844.11,24472.47,Expired
967,360,55,Casco,2024-01-21,2023-11-03,798.17,5287.98,Active
968,209,89,Casco,2022-12-06,2023-01-10,1643.41,9243.55,Cancelled
969,60,100,Health,2024-06-17,2025-02-23,920.11,1407.43,Cancelled
970,282,77,Compulsory,2023-05-07,2024-03-16,2542.22,42855.99,Expired
971,270,56,Health,2023-04-19,2025-03-28,3591.87,13074.09,Cancelled
972,361,10,Health,2023-04-02,2023-10-27,3901.45,21246.17,Cancelled
973,445,48,Health,2023-01-03,2024-09-03,3941.6,8214.04,Cancelled
974,20,13,Casco,2024-03-04,2023-08-25,3608.53,46706.86,Cancelled
975,27,91,Casco,2022-11-09,2025-03-26,4146.32,48938.34,Active
976,255,62,Compulsory,2023-05-14,2023-01-08,1028.18,35800.72,Active
977,343,25,Casco,2023-07-19,2024-07-15,4227.3,21472.4,Expired
978,104,30,Health,2022-04-22,2024-01-18,1810.32,47538.12,Active
979,43,63,Casco,2022-06-29,2023-07-13,3194.94,39620.02,Active
980,342,11,Casco,2023-10-24,2024-02-26,4179.73,18562.72,Expired
981,130,33,Casco,2023-09-14,2025-06-22,4233.15,40475.89,Cancelled
982,316,63,Compulsory,2022-03-25,2024-07-28,2004.46,49320.78,Active
983,379,61,Casco,2024-05-11,2024-03-23,2251.88,26229.53,Active
984,296,95,Casco,2022-10-15,2024-02-09,1659.81,30544.8,Expired
985,233,70,Health,2024-05-29,2023-09-13,1653.73,46004.25,Active
986,472,90,Compulsory,2024-04-26,2023-06-17,3170.23,24005.18,Expired
987,401,44,Health,2022-05-24,2025-01-02,2169.04,35026.46,Active
988,363,25,Casco,2024-07-01,2025-01-24,410.32,12291.4,Cancelled
989,32,94,Casco,2023-07-06,2024-10-23,679.34,39733.43,Cancelled
990,69,86,Health,2022-07-21,2024-02-04,1230.74,5774.28,Expired
991,318,48,Health,2022-09-27,2025-04-28,891.33,4903.23,Cancelled
992,444,63,Compulsory,2024-01-22,2024-01-23,3179.76,7811.13,Cancelled
993,492,45,Health,2024-06-26,2023-08-14,4037.08,6133.97,Active
994,302,35,Compulsory,2023-10-04,2023-09-27,3964.68,14176.01,Cancelled
995,108,22,Casco,2022-03-20,2023-03-23,1073.3,10932.93,Cancelled
996,201,39,Casco,2024-01-15,2024-03-08,4948.33,48092.52,Active
997,498,41,Health,2022-03-19,2024-10-02,4442.19,5487.86,Expired
998,446,80,Casco,2024-07-02,2023-09-03,2949.35,26573.81,Expired
999,328,6,Casco,2022-01-20,2024-06-13,397.84,42867.09,Cancelled
1000,149,11,Casco,2024-05-19,2025-02-21,4337.92,49547.65,Cancelled
